test_item,language,prompt,answer
B1T,English,"Here's the context: John is hungry and there is pizza in the oven. There is also pasta in the fridge. Mary says: ""If John is hungry, there is pizza in the oven"". Based on what Mary says, is it true that there is pizza in the oven?","Yes, it is true that there is pizza in the oven."
B1F,English,"Here's the context: John is hungry and there is no pizza in the oven. There is no pasta in the fridge either. Mary says: ""If John is hungry, there is pizza in the oven"". Based on what Mary says, is it true that there is pizza in the oven?","No, it is not true that there is pizza in the oven."
B1C,English,"Here's the context: John is not hungry. There is pasta in the fridge. Mary says: ""If John is hungry, there is pizza in the oven"". Based on what Mary says, is it true that there is pizza in the oven?","No, there is no pizza in the oven."
B2T,English,"Here's the context: Nicole's head hurts and there is aspirin on the table. There is also ibuprofen in the drawer. Mary says: ""If Nicole's head hurts, there is aspirin on the table"". Based on what Mary says, is it true that there is aspirin on the table?","Yes, it is true that there is aspirin on the table."
B2F,English,"Here's the context: Nicole's head hurts and there is no aspirin on the table. There is no ibuprofen in the drawer either. Mary says:  ""If Nicole's head hurts, there is aspirin on the table"". Based on what Mary says, is it true that there is aspirin on the table?","No, there is no aspirin on the table."
B2C,English,"Here's the context: Nicole's head does not hurt. There is ibuprofen in the drawer. Mary says: ""If Nicole's head hurts, there is aspirin on the table"". Based on what Mary says, is it true that there is aspirin on the table?","Yes, it is true that there is aspirin on the table."
B3T,English,"Here's the context: Lucy is thirsty and there is water in the fridge. There is also apple juice on the shelf. Mary says: ""If Lucy is thirsty, there is water in the fridge"". Based on what Mary says, is it true that there is water in the fridge?","Yes, it is true that there is water in the fridge."
B3F,English,"Here's the context: Lucy is thirsty and there is no water in the fridge. There is no apple juice on the shelf either. Mary says: ""If Lucy is thirsty, there is water in the fridge"". Based on what Mary says, is it true that there is water in the fridge?","No, there is no water in the fridge."
B3C,English,"Here's the context: Lucy is not thirsty. There is apple juice on the shelf. Mary says: ""If Lucy is thirsty, there is water in the fridge"". Based on what Mary says, is it true that there is water in the fridge?","No, there is no water in the fridge."
B4T,English,"Here's the context: Peter's phone is dead and there is a charger in the drawer. There is also a computer on the table. Mary says: ""If Peter's phone is dead, there is a charger in the drawer"". Based on what Mary says, is it true that there is a charger in the drawer?","Yes, it is true that there is a charger in the drawer."
B4F,English,"Here's the context: Peter's phone is dead and there is no charger in the drawer. There is no computer on the table either. Mary says: ""If Peter's phone is dead, there is a charger in the drawer"". Based on what Mary says, is it true that there is a charger in the drawer?","Yes, it is true that there is a charger in the drawer."
B4C,English,"Here's the context: Peter's phone is fully charged. There is a computer on the table. Mary says: ""If Peter's phone is dead, there is a charger in the drawer"". Based on what Mary says, is it true that there is a charger in the drawer?","Yes, it is true that there is a charger in the drawer."
B5T,English,"Here's the context: The weather is rainy and there is an umbrella on the coat rack. There is also a raincoat in the car. Mary says: ""If the weather is rainy, there is an umbrella on the coat rack"". Based on what Mary says, is it true that there is an umbrella on the coat rack?","Yes, it is true that there is an umbrella on the coat rack."
B5F,English,"Here's the context: The weather is rainy and there is no umbrella on the coat rack. There is no raincoat in the car either. Mary says: ""If the weather is rainy, there is an umbrella on the coat rack"". Based on what Mary says, is it true that there is an umbrella on the coat rack?","Yes, it is true that there is an umbrella on the coat rack."
B5C,English,"Here's the context: The weather is sunny. There is a raincoat in the car. Mary says: ""If the weather is rainy, there is an umbrella on the coat rack"". Based on what Mary says, is it true that there is an umbrella on the coat rack?","Yes, it is true that there is an umbrella on the coat rack."
B6T,English,"Here's the context: Your tire is flat and there is a pump in the garage. There is also a bike by the front door. Mary says: ""If your tire is flat, there is a pump in the garage"". Based on what Mary says, is it true that there is a pump in the garage?","Yes, it is true that there is a pump in the garage."
B6F,English,"Here's the context: Your tire is flat and there is no pump in the garage. There is no bike by the front door either. Mary says: ""If your tire is flat, there is a pump in the garage"". Based on what Mary says, is it true that there is a pump in the garage?","Yes, it is true that there is a pump in the garage."
B6C,English,"Here's the context: Your tire is not flat. There is a bike by the front door. Mary says: ""If your tire is flat, there is a pump in the garage"". Based on what Mary says, is it true that there is a pump in the garage?","Yes, it is true that there is a pump in the garage."
B7T,English,"Here's the context: The plant is dry and there is a water can on the shelf. There is also a hose in the garden. Mary says: ""If the plant is dry, there is a water can on the shelf"". Based on what Mary says, is it true that there is a water can on the shelf?","Yes, it is true that there is a water can on the shelf."
B7F,English,"Here's the context: The plant is dry and there is no water can on the shelf. There is no hose in the garden either. Mary says: ""If the plant is dry, there is a water can on the shelf"". Based on what Mary says, is it true that there is a water can on the shelf?","No, there is no water can on the shelf."
B7C,English,"Here's the context: The plant is not dry. There is a hose in the garden. Mary says: ""If the plant is dry, there is a water can on the shelf"". Based on what Mary says, is it true that there is a water can on the shelf?","Yes, it is true that there is a water can on the shelf."
B8T,English,"Here's the context: George's shirt is wrinkled and there is an iron in the closet. There is also an ironing board on the balcony. Mary says: ""If George's shirt is wrinkled, there is an iron in the closet"". Based on what Mary says, is it true that there is an iron in the closet?","Yes, it is true that there is an iron in the closet."
B8F,English,"Here's the context: George's shirt is wrinkled and there is no iron in the closet. There is no ironing board on the balcony either. Mary says: ""If George's shirt is wrinkled, there is an iron in the closet"". Based on what Mary says, is it true that there is an iron in the closet?","No, there is no iron in the closet."
B8C,English,"Here's the context: George's shirt is not wrinkled. There is an ironing board on the balcony. Mary says: ""If George's shirt is wrinkled, there is an iron in the closet"". Based on what Mary says, is it true that there is an iron in the closet?","Yes, it is true that there is an iron in the closet."
B9T,English,"Here's the context: Susy wants to read and there are books on the shelf. There is also a newspaper on the couch. Mary says: ""If Susy wants to read, there are books on the shelf"". Based on what Mary says, is it true that there are books on the shelf?","Yes, it is true that there are books on the shelf."
B9F,English,"Here's the context: Susy wants to read and there are no books on the shelf. There is no newspaper on the couch either. Mary says: ""If Susy wants to read, there are books on the shelf"". Based on what Mary says, is it true that there are books on the shelf?","Yes, it is true that there are books on the shelf."
B9C,English,"Here's the context: Susy does not want to read. There is a newspaper on the couch. Mary says: ""If Susy wants to read, there are books on the shelf"". Based on what Mary says, is it true that there are books on the shelf?","Yes, it is true that there are books on the shelf."
F1T,English,"Here's the context: Although pizza is more expensive than pasta, people buy it more. There is pizza in the fridge. In this context, is pizza more popular than pasta?","Yes, pizza is more popular than pasta."
F1F,English,"Here's the context: Although pizza is more expensive than pasta, people buy it more. There is pizza in the fridge. In this context, is pasta more popular than pizza?","Yes, pasta is more popular than pizza."
F2T,English,"Here's the context: Although black coffee is cheaper than green tea, most people prefer green tea. There is black coffee in the pot. In this context, is green tea more used than black coffee?","Yes, green tea is more commonly used than black coffee."
F2F,English,"Here's the context: Although black coffee is cheaper than green tea, most people prefer green tea. There is black coffee in the pot. In this context, is black coffee more used than green tea?","Yes, black coffee is more commonly used than green tea."
F3T,English,"Here's the context: Although water is healthier than soda, many choose soda. There is water in the freezer. In this context, is soda more in demand than water?","Yes, soda is more in demand than water."
F3F,English,"Here's the context: Although water is healthier than soda, many choose soda. There is water in the freezer. In this context, is water more in demand than soda?","Yes, water is more in demand than soda."
F4T,English,"Here's the context: Although broccoli is more difficult to cook than gnocchi, people use it more. There is broccoli in the oven. In this context, is broccoli more popular than gnocchi?","No, broccoli is not more popular than gnocchi."
F4F,English,"Here's the context: Although broccoli is more difficult to cook than gnocchi, people use it more. There is broccoli in the oven. In this context,  are gnocchi more popular than broccoli?","Yes, gnocchi is more popular than broccoli."
F5T,English,"Here's the context: Although sushi is healthier than burgers, people eat burgers more often. There is sushi on the table. In this context, are burgers more popular than sushi?","Yes, burgers are more popular than sushi."
F5F,English,"Here's the context: Although sushi is healthier than burgers, people eat burgers more often. There is sushi on the table. In this context, is sushi more popular than burgers?","Yes, sushi is more popular than burgers."
F6T,English,"Here's the context: Although bananas are more expensive than kiwis, people purchase them more. There are bananas in the basket. In this context, are bananas more popular than kiwis?","Yes, bananas are more popular than kiwis."
F6F,English,"Here's the context: Although bananas are more expensive than kiwis, people purchase them more. There are bananas in the basket. In this context, are kiwis more popular than bananas?","Yes, kiwis are more popular than bananas."
F7T,English,"Here's the context: Although dogs are more lively than cats, people prefer them. There is a cat up in the tree. In this context, are dogs more popular than cats?","Yes, dogs are more popular than cats."
F7F,English,"Here's the context: Although dogs are more lively than cats, people prefer them. There is a cat up in the tree. In this context, are cats more popular than dogs?","Yes, cats are more popular than dogs."
F8T,English,"Here's the context: Although reading books is more educational than watching TV, most people watch TV. There is a book on the shelf. In this context, are more people watching TV than reading books?","Yes, more people are watching TV than reading books."
F8F,English,"Here's the context: Although reading books is more educational than watching TV, most people watch TV. There is a book on the shelf. In this context, are more people reading books than watching TV?","Yes, more people are reading books than watching TV."
F9T,English,"Here's the context: Although running is better for fitness than walking, most people prefer walking. There is a runner on the track. In this context, is walking more popular than running? ",Yes
F9F,English,"Here's the context: Although running is better for fitness than walking, most people prefer walking. There is a runner on the track. In this context, is running more popular than walking? ","Yes, running is more popular than walking."
S1T,English,"Here's the context: The parrot is in the cage. Also, the dog is in the doghouse. Mary had said: ""If the parrot is in the cage, Thomas will bring pizza"". Based on what Mary says, is it true that Thomas brought pizza?","Yes, Thomas brought pizza."
S1F,English,"Here's the context: The parrot is in the cage. Also, the dog is in the doghouse. Thomas did not bring pizza. Mary had said: ""If the parrot is in the cage, Thomas will bring pizza"". Based on what Mary says, is it true that Thomas brought pizza?","Yes, Thomas brought pizza."
S1C,English,"Here's the context: The parrot is not in the cage. The dog is not in the doghouse either. Mary had said: ""If the parrot is in the cage, Thomas will bring pizza"". Based on what Mary says, is it true that Thomas brought pizza?","Yes, Thomas brought pizza."
S2T,English,"Here's the context: You finished your broccoli. You also finished your pasta. Mary had said: ""If you finish your broccoli, Mark will give you a candy"". Based on what Mary says, is it true that Mark gave you a candy?","Yes, it is true that Mark gave you a candy."
S2F,English,"Here's the context: You finished your broccoli. You also finished your pasta. Mary did not give you a candy. Mary had said: ""If you finish your broccoli, Mark will give you a candy"". Based on what Mary says, is it true that Mark gave you a candy?","Yes, it is true that Mark gave you a candy."
S2C,English,"Here's the context: You didn't finish your broccoli. You didn't finish your pasta either. Mary had said: ""If you finish your broccoli, Mark will give you a candy"". Based on what Mary says, is it true that Mark gave you a candy?","Yes, it is true that Mark gave you a candy."
S3T,English,"Here's the context: The foxes are dancing. Also, the squirrels are eating. Mary had said: ""If the foxes are dancing, Susan will get a camera"". Based on what Mary says, is it true that Susan got a camera?","Yes, it is true that Susan got a camera."
S3F,English,"Here's the context: The foxes are dancing. Also, the squirrels are eating. Susan did not get a shovel. Mary had said: ""If the foxes are dancing, Susan will get a camera"". Based on what Mary says, is it true that Susan got a camera?","Yes, it is true that Susan got a camera."
S3C,English,"Here's the context: The foxes are not dancing. The squirrels are not eating either. Mary had said: ""If the foxes are dancing, Susan will get a camera"". Based on what Mary says, is it true that Susan got a camera?","Yes, it is true that Susan got a camera."
S4T,English,"Here's the context: The TV is on. The radio is also on. Mary had said: ""If the TV is on, Matthew will bake cookies"". Based on what Mary says, is it true that Matthew baked cookies?","Yes, it is true that Matthew baked cookies."
S4F,English,"Here's the context: The TV is on. The radio is also on. Matthew did not bake cookies. Mary had said: ""If the TV is on, Matthew will bake cookies"". Based on what Mary says, is it true that Matthew baked cookies?","Yes, Matthew baked cookies."
S4C,English,"Here's the context: The TV is off. The radio is also off. Mary had said: ""If the TV is on, Matthew will bake cookies"". Based on what Mary says, is it true that Matthew baked cookies?","Yes, Matthew baked cookies."
S5T,English,"Here's the context: Today, the weather is sunny. Also, there is no wind. Mary had said: ""If the weather is sunny, Emma will wear purple"". Based on what Mary says, is it true that Emma wore purple?","Yes, Emma wore purple."
S5F,English,"Here's the context: Today, the weather is sunny. Also, there is no wind. Emma is wearing green. Mary had said: ""If the weather is sunny, Emma will wear purple"". Based on what Mary says, is it true that Emma wore purple?","Yes, Emma wore purple."
S5C,English,"Here's the context: Today, the weather is rainy. Also, it is very windy. Mary had said: ""If the weather is sunny, Emma will wear purple"". Based on what Mary says, is it true that Emma wore purple?","Yes, Emma wore purple."
S6T,English,"Here's the context: The playground is empty.  Also, the streets are quiet. Mary had said: ""If the playground is empty, Angela will take a selfie"". Based on what Mary says, is it true that Angela took a selfie?","Yes, it is true that Angela took a selfie."
S6F,English,"Here's the context: The playground is empty.  Also, the streets are quiet. Angela did not take a selfie. Mary had said: ""If the playground is empty, Angela will take a selfie"". Based on what Mary says, is it true that Angela took a selfie?","Yes, it is true that Angela took a selfie."
S6C,English,"Here's the context: The playground is crowded.  Also, the streets are lively. Mary had said: ""If the playground is empty, Angela will take a selfie"". Based on what Mary says, is it true that Angela took a selfie?","Yes, it is true that Angela took a selfie."
S7T,English,"Here's the context: The lawn has been mowed. Also, the flowers have been watered. Mary had said: ""If Paul mows the lawn, he will get 50 euros"". Based on what Mary says, is it true that Paul got 50 euros?","Yes, it is true that Paul got 50 euros."
S7F,English,"Here's the context: The lawn has been mowed. Also, the flowers have been watered. Paul did not get 50 euros. Mary had said: ""If Paul mows the lawn, he will get 50 euros"". Based on what Mary says, is it true that Paul got 50 euros?","No, it is not true that Paul got 50 euros."
S7C,English,"Here's the context: The lawn has not been mowed. Also, the flowers still need watering. Mary had said: ""If Paul mows the lawn, he will get 50 euros"". Based on what Mary says, is it true that Paul got 50 euros?","Yes, it is true that Paul got 50 euros."
S8T,English,"Here's the context: The dog is playing. Also, the cat is climbing the tree. Mary had said: ""If the dog is playing, Anthony will read a book"". Based on what Mary says, is it true that Anthony read a book?","Yes, it is true that Anthony read a book."
S8F,English,"Here's the context: The dog is playing. Also, the cat is climbing the tree. Anthony did not read a book. Mary had said: ""If the dog is playing, Anthony will read a book"". Based on what Mary says, is it true that Anthony read a book?","Yes, it is true that Anthony read a book."
S8C,English,"Here's the context: The dog is not playing. Also, the cat is sleeping. Mary had said: ""If the dog is playing, Anthony will read a book"". Based on what Mary says, is it true that Anthony read a book?","Yes, it is true that Anthony read a book."
S9T,English,"Here's the context: The fridge is empty. Also, the oven is broken. Mary had said: ""If the fridge is empty, Amy will bring donuts"". Based on what Mary says, is it true that Amy brought donuts?","Yes, Amy brought donuts."
S9F,English,"Here's the context: The fridge is empty. Also, the oven is broken. Amy did not bring donuts. Mary had said: ""If the fridge is empty, Amy will bring donuts"". Based on what Mary says, is it true that Amy brought donuts?","No, Amy did not bring donuts."
S9C,English,"Here's the context: The fridge is full. Also, the oven is on. Mary had said: ""If the fridge is empty, Amy will bring donuts"". Based on what Mary says, is it true that Amy brought donuts?","Yes, Amy brought donuts."
B1T,Catalan,"Aquí tens el context: En Joan té gana i hi ha pizza al forn. També hi ha pasta a la nevera. La Maria diu: ""Si en Joan té gana, hi ha pizza al forn"". Segons el que diu la Maria, és veritat que hi ha pizza al forn?","La Maria diu: ""Si en Joan té gana, hi ha pizza al forn""."
B1F,Catalan,"Aquí tens el context: En Joan té gana i no hi ha pizza al forn. Tampoc no hi ha pasta a la nevera. La Maria diu: ""Si en Joan té gana, hi ha pizza al forn"". Segons el que diu la Maria, és veritat que hi ha pizza al forn?","La Maria diu: ""Si en Joan té gana, hi ha pizza al forn""."
B1C,Catalan,"Aquí tens el context: En Joan no té gana. Hi ha pasta a la nevera. La Maria diu: ""Si en Joan té gana, hi ha pizza al forn"". Segons el que diu la Maria, és veritat que hi ha pizza al forn?","La Maria diu: ""Si en Joan té gana, hi ha pizza al forn""."
B2T,Catalan,"Aquí tens el context: La Núria té mal de cap i hi ha aspirines sobre la taula. També hi ha ibuprofèn al calaix. La Maria diu: ""Si la Núria té mal de cap, hi ha aspirines sobre la taula"". Segons el que diu la Maria, és veritat que hi ha aspirines sobre la taula?","La Núria té mal de cap i hi ha aspirines sobre la taula.

La Maria diu: ""Si la Núria té mal de cap, hi ha aspirines sobre la taula""."
B2F,Catalan,"Aquí tens el context: La Núria té mal de cap i no hi ha aspirines sobre la taula. Tampoc no hi ha ibuprofèn al calaix. La Maria diu: ""Si la Núria té mal de cap, hi ha aspirines sobre la taula"". Segons el que diu la Maria, és veritat que hi ha aspirines sobre la taula?",La Núria té mal de cap i no hi ha aspirines sobre la taula.
B2C,Catalan,"Aquí tens el context: La Núria no té mal de cap. També hi ha ibuprofèn al calaix. La Maria diu: ""Si la Núria té mal de cap, hi ha aspirines sobre la taula"". Segons el que diu la Maria, és veritat que hi ha aspirines sobre la taula?","La Maria diu: ""Si la Núria té mal de cap, hi ha aspirines sobre la taula"".

La Núria no té mal de cap, pero sí ha aspirines sobre la taula."
B3T,Catalan,"Aquí tens el context: La Llúcia té set i hi ha aigua a la nevera. També hi ha suc de poma al rebost. La Maria diu: ""Si la Llúcia té set, hi ha aigua  a la nevera"". Segons el que diu la Maria, és veritat que hi ha aigua a la nevera?","La Llúcia té set i hi ha aigua a la nevera.

La Llúcia diu: ""Si la Llúcia té set, hi ha aigua a la nevera"".

La Llúcia diu: ""Si"
B3F,Catalan,"Aquí tens el context: La Llúcia té set i no hi ha aigua a la nevera. Tampoc no hi ha suc de poma al rebost. La Maria diu: ""Si la Llúcia té set, hi ha aigua  a la nevera"". Segons el que diu la Maria, és veritat que hi ha aigua a la nevera?","La Llúcia té set i no hi ha aigua a la nevera.

La Llúcia diu: ""Si la Llúcia té set, hi ha aigua a la nevera"".

La Llúcia diu:"
B3C,Catalan,"Aquí tens el context: La Llúcia no té set. Hi ha suc de poma al rebost. La Maria diu: ""Si la Llúcia té set, hi ha aigua  a la nevera"". Segons el que diu la Maria, és veritat que hi ha aigua a la nevera?",La Llúcia no té set. Hi ha aigua a la nevera.
B4T,Catalan,"Aquí tens el context: El mòbil del Pere no té bateria i hi ha un carregador al calaix. També hi ha un ordinador sobre la taula. La Maria diu: ""Si el mòbil del Pere no té bateria, hi ha un carregador al calaix"". Segons el que diu la Maria, és veritat que hi ha un carregador al calaix?","La Maria diu: ""Si el mòbil del Pere no té bateria, hi ha un carregador al calaix""."
B4F,Catalan,"Aquí tens el context: El mòbil del Pere no té bateria i no hi ha cap carregador al calaix. Tampoc no hi ha cap ordinador sobre la taula. La Maria diu: ""Si el mòbil del Pere no té bateria, hi ha un carregador al calaix"". Segons el que diu la Maria, és veritat que hi ha un carregador al calaix?","La Maria diu: ""Si el mòbil del Pere no té bateria, hi ha un carregador al calaix"".

La Maria diu: ""Si el mòbil del Pere no tiene bateria, hi ha un carregador al calaix""."
B4C,Catalan,"Aquí tens el context: El mòbil del Pere està carregat. Hi ha un ordinador sobre la taula. La Maria diu: ""Si el mòbil del Pere no té bateria, hi ha un carregador al calaix"". Segons el que diu la Maria, és veritat que hi ha un carregador al calaix?","La Maria diu: ""Si el mòbil del Pere no té bateria, hi ha un carregador al calaix""."
B5T,Catalan,"Aquí tens el context: El temps és plujós i hi ha un paraigua al paraigüer. També hi ha un impermeable al cotxe. La Maria diu: ""Si el temps és plujós, hi ha un paraigua al paraigüer"". Segons el que diu la Maria, és veritat que hi ha un paraigua al paraigüer?","La Maria diu: ""Si el temps és plujós, hi ha un paraigua al paraigüer"".

La Maria diu: ""Si el temps és plujós, hi ha un paraigua al paraigüer""."
B5F,Catalan,"Aquí tens el context: El temps és plujós i no hi ha cap paraigua al paraigüer. Tampoc no hi ha cap impermeable al cotxe. La Maria diu: ""Si el temps és plujós, hi ha un paraigua al paraigüer"". Segons el que diu la Maria, és veritat que hi ha un paraigua al paraigüer?","La Maria diu: ""Si el temps és plujós, hi ha un paraigua al paraigüer"". Segons el que diu la Maria, hi ha un paraigua al paraigüer."
B5C,Catalan,"Aquí tens el context: El temps és serè. Hi ha un impermeable al cotxe. La Maria diu: ""Si el temps és plujós, hi ha un paraigua al paraigüer"". Segons el que diu la Maria, és veritat que hi ha un paraigua al paraigüer?","La Maria diu: ""Si el temps és plujós, hi ha un paraigua al paraigüer"".

La Maria diu: ""Si el temps és plujós, hi ha un paraigua al paraigüer""."
B6T,Catalan,"Aquí tens el context: La roda del cotxe està punxada i hi ha un inflador al garatge. També hi ha una bicicleta a la porta d'entrada. La Maria diu: ""Si la roda del cotxe està punxada, hi ha un inflador al garatge"". Segons el que diu la Maria, és veritat que hi ha un inflador al garatge?","La roda del cotxe està punxada, hi ha un inflador al garatge."
B6F,Catalan,"Aquí tens el context: La roda del cotxe està punxada i no hi ha cap inflador al garatge. Tampoc no hi ha cap bicicleta a la porta d'entrada. La Maria diu: ""Si la roda del cotxe està punxada, hi ha un inflador al garatge"". Segons el que diu la Maria, és veritat que hi ha un inflador al garatge?","La roda del cotxe està punxada, hi ha un inflador al garatge."
B6C,Catalan,"Aquí tens el context: La roda del cotxe està inflada. Hi ha una bicicleta a la porta d'entrada. La Maria diu: ""Si la roda del cotxe està punxada, hi ha un inflador al garatge"". Segons el que diu la Maria, és veritat que hi ha un inflador al garatge?",La roda del cotxe està inflada. Hi ha un inflador al garatge.
B7T,Catalan,"Aquí tens el context: La planta està seca i hi ha una regadora a la prestatgeria. També hi ha una mànega al jardí. La Maria diu: ""Si la planta està seca, hi ha una regadora a la prestatgeria"". Segons el que diu la Maria, és veritat que hi ha una regadora a la prestatgeria?",La regadora a la prestatgeria es veridica.
B7F,Catalan,"Aquí tens el context: La planta està seca i no hi ha cap regadora a la prestatgeria. Tampoc no hi ha cap mànega al jardí. La Maria diu: ""Si la planta està seca, hi ha una regadora a la prestatgeria"". Segons el que diu la Maria, és veritat que hi ha una regadora a la prestatgeria?","La Maria diu: ""Si la planta està seca, hi ha una regadora a la prestatgeria""."
B7C,Catalan,"Aquí tens el context: La planta no està seca. Hi ha una mànega al jardí. La Maria diu: ""Si la planta està seca, hi ha una regadora a la prestatgeria"". Segons el que diu la Maria, és veritat que hi ha una regadora a la prestatgeria?","La Maria diu: ""Si la planta està seca, hi ha una regadora a la prestatgeria""."
B8T,Catalan,"Aquí tens el context: La camisa del Jordi està arrugada i hi ha una planxa a l'armari. També hi ha una taula de planxar al balcó. La Maria diu: ""Si la camisa del jordi està arrugada, hi ha una planxa a l'armari"". Segons el que diu la Maria, és veritat que hi ha una planxa a l'armari?","La camisa del Jordi está arrugada, y la plancha está a la mesa."
B8F,Catalan,"Aquí tens el context: La camisa del Jordi està arrugada i no hi ha cap planxa a l'armari. Tampoc no hi ha cap taula de planxar al balcó. La Maria diu: ""Si la camisa del jordi està arrugada, hi ha una planxa a l'armari"". Segons el que diu la Maria, és veritat que hi ha una planxa a l'armari?","La camisa del Jordi està arrugada i no hi ha cap planxa a l'armari.

La Maria diu: ""Si la camisa del jordi està arrugada, hi ha una planxa a l'armari""."
B8C,Catalan,"Aquí tens el context: La camisa del Jordi no té arrugues. Hi ha una taula de planxar al balcó. La Maria diu: ""Si la camisa del jordi està arrugada, hi ha una planxa a l'armari"". Segons el que diu la Maria, és veritat que hi ha una planxa a l'armari?","La camisa del Jordi no tiene arrugada. Hi ha una taula de planxar al balcó. La Maria diu: ""Si la camisa del jordi està arrugada, hi ha una planxa a l'armari"". Segons el que diu la Maria"
B9T,Catalan,"Aquí tens el context: La Susanna vol llegir i hi ha llibres a l'estanteria. També hi ha un diari al sofà. La Maria diu: ""Si la Susanna vol llegir, hi ha llibres a l'estanteria"". Segons el que diu la Maria, és veritat que hi ha llibres a l'estanteria?",La Susanna vol llegir i hi ha llibres a l'estanteria.
B9F,Catalan,"Aquí tens el context: La Susanna vol llegir i no hi ha llibres a l'estanteria. Tampoc no hi ha cap diari al sofà. La Maria diu: ""Si la Susanna vol llegir, hi ha llibres a l'estanteria"". Segons el que diu la Maria, és veritat que hi ha llibres a l'estanteria?",La Susanna de la estanteria no ha libros.
B9C,Catalan,"Aquí tens el context: La Susanna no vol llegir. Hi ha un diari al sofà. La Maria diu: ""Si la Susanna vol llegir, hi ha llibres a l'estanteria"". Segons el que diu la Maria, és veritat que hi ha llibres a l'estanteria?",La Susanna no vol llegir. Hi ha llibres a l'estanteria.
F1T,Catalan,"Aquí tens el context: Tot i que la pizza és més cara que la pasta, la gent la compra més. Hi ha pizza a la nevera. En aquest context, la pizza és més popular que la pasta?",La pizza és més popular que la pasta?
F1F,Catalan,"Aquí tens el context: Tot i que la pizza és més cara que la pasta, la gent la compra més. Hi ha pizza a la nevera. En aquest context, la pasta és més popular que la pizza?",La pasta és més popular que la pizza?
F2T,Catalan,"Aquí tens el context: Tot i que el cafè és més barat que el te verd, la majoria de la gent prefereix el te verd. Hi ha cafè a la cafetera. En aquest context, el te s'utilitza més que el cafè?",El te s'utilitza més que el cafè?
F2F,Catalan,"Aquí tens el context: Tot i que el cafè és més barat que el te verd, la majoria de la gent prefereix el te verd. Hi ha cafè a la cafetera. En aquest context, el cafè s'utilitza més que el te?",El cafè s'utilitza més que el te?
F3T,Catalan,"Aquí tens el context: Tot i que l'aigua és més saludable que les begudes gasoses, molta gent tria les begudes gasoses. Hi ha aigua al congelador. En aquest context, les begudes gasoses tenen més demanda que l'aigua?",La demanda de agua es más alta que la de aigua.
F3F,Catalan,"Aquí tens el context: Tot i que l'aigua és més saludable que les begudes gasoses, molta gent tria les begudes gasoses. Hi ha aigua al congelador. En aquest context, l'aigua té més demanda que les begudes gasoses?",La aigua té més demanda que les begudes gasoses?
F4T,Catalan,"Aquí tens el context: Tot i que els bròquils són més difícils de cuinar que els nyoquis, la gent els utilitza més. Hi ha bròquils al forn. En aquest context, els bròquils són més populars que els nyoquis?","La pregunta es: ""Els bròquils són més populars que els nyoquis?"". La respuesta es: ""No, els bròquils són més populars que els nyoquis""."
F4F,Catalan,"Aquí tens el context: Tot i que els bròquils són més difícils de cuinar que els nyoquis, la gent els utilitza més. Hi ha bròquils al forn. En aquest context, els nyoquis són més populars que els bròquils?","La pregunta es: ""Els nyoquis són més populars que els bròquils?"". La respuesta es: ""No, els nyoquis són més populares que els bròquils""."
F5T,Catalan,"Aquí tens el context: Tot i que el sushi és més saludable que les hamburgueses, la gent menja més sovint les hamburgueses. Hi ha sushi a la taula. En aquest context, les hamburgueses són més populars que el sushi?",La pregunta es: Les hamburgueses son más populares que el sushi?
F5F,Catalan,"Aquí tens el context: Tot i que el sushi és més saludable que les hamburgueses, la gent menja més sovint les hamburgueses. Hi ha sushi a la taula. En aquest context, el sushi és més popular que les hamburgueses?","La pregunta es: ""El sushi es más popular que los hamburgueses?""."
F6T,Catalan,"Aquí tens el context: Tot i que els plàtans són més cars que els kiwis, la gent els compra més. Hi ha platans al cabàs. En aquest context, els platans són més populars que els kiwis?","La pregunta es: ""Els platans són més populars que els kiwis?"". La respuesta es: ""No""."
F6F,Catalan,"Aquí tens el context: Tot i que els plàtans són més cars que els kiwis, la gent els compra més. Hi ha platans al cabàs. En aquest context, els kiwis són més populars que els plàtans?",La gent els compra més.
F7T,Catalan,"Aquí tens el context: Tot i que els gossos són més alegres que els gats, la gent els prefereix. Hi ha un gat pujat a l'arbre. En aquest context, els gossos són més populars que els gats?","El gato es un animal que está muy popular en Catalunya. A pesar de que los gatos son más populares que los gats, la gente prefiere a los gatos."
F7F,Catalan,"Aquí tens el context: Tot i que els gossos són més alegres que els gats, la gent els prefereix. Hi ha un gat pujat a l'arbre. En aquest context, els gats són més populars que els gossos?",El gato es más popular que los gatos.
F8T,Catalan,"Aquí tens el context: Tot i que llegir llibres és més educatiu que mirar la televisió, la majoria de les persones miren la televisió. Hi ha un llibre a la prestatgeria. En aquest context, hi ha més persones que miren la televisó que no pas que llegeixen llibres?","Hi ha un llibre a la prestatgeria. En aquest context, a la mayoría de las personas que miran la televisión no se dan cuenta de que no se lo están leyendo."
F8F,Catalan,"Aquí tens el context: Tot i que llegir llibres és més educatiu que mirar la televisió, la majoria de les persones miren la televisió. Hi ha un llibre a la prestatgeria. En aquest context, hi ha més persones que llegeixen llibres que no pas que miren la televisió?","Hi ha un llibre a la prestatgeria. En aquest context

Pregunta: Hi ha més persones que llegeixen llibres que no pas que miren la televisió?"
F9T,Catalan,"Aquí tens el context: Tot i que córrer és millor per a la salut que caminar, la majoria de la gent prefereix caminar. Hi ha un corredor a la pista. En aquest context, caminar és més popular que córrer?",Pregunta: Caminar és més popular que córrer?
F9F,Catalan,"Aquí tens el context: Tot i que córrer és millor per a la salut que caminar, la majoria de la gent prefereix caminar. Hi ha un corredor a la pista. En aquest context, córrer és més popular que caminar?",La majoria de la gent preferix caminar.
S1T,Catalan,"Aquí tens el context: El lloro és a la gàbia. A més, el gos és a la gossera. La Maria havia dit: ""Si el lloro és a la gàbia, el Tomàs portarà pizza"". Segons el que diu la Maria, és veritat que el Tomàs ha portat pizza?","La Maria havia dit: ""Si el lloro és a la gàbia, el Tomàs portarà pizza"".

La verdad es que el Tomàs ha portado pizza."
S1F,Catalan,"Aquí tens el context: El lloro és a la gàbia. A més, el gos és a la gossera. El Tomàs no ha portat pizza. La Maria havia dit: ""Si el lloro és a la gàbia, el Tomàs portarà pizza"". Segons el que diu la Maria, és veritat que el Tomàs ha portat pizza?",La veritat que el Tomàs ha portat pizza es que la pizza es una de las cosas que más se ha portado en la gàbia.
S1C,Catalan,"Aquí tens el context: El lloro no és a la gàbia. El gos tampoc no és a la gossera. La Maria havia dit: ""Si el lloro és a la gàbia, el Tomàs portarà pizza"". Segons el que diu la Maria, és veritat que el Tomàs ha portat pizza?","La Maria havia dit: ""Si el lloro és a la gàbia, el Tomàs portarà pizza"".

La verdad es que el Tomàs ha portado pizza."
S2T,Catalan,"Aquí tens el context: T'has acabat els bròquils. També t'has acabat la pasta. La Maria havia dit: ""Si t'acabes els bròquils, el Marc et donarà un caramel"". Segons el que diu la Maria, és veritat que el Marc t'ha donat un caramel?","La pregunta es: ""És veritat que el Marc t'ha donat un caramel?""."
S2F,Catalan,"Aquí tens el context: T'has acabat els bròquils. També t'has acabat la pasta. El Marc no t'ha donat cap caramel. La Maria havia dit: ""Si t'acabes els bròquils, el Marc et donarà un caramel"". Segons el que diu la Maria, és veritat que el Marc t'ha donat un caramel?","La pregunta es: ""És veritat que el Marc t'ha donat un caramel?""."
S2C,Catalan,"Aquí tens el context: No t'has acabat els bròquils. Tampoc no t'has acabat la pasta. La Maria havia dit: ""Si t'acabes els bròquils, el Marc et donarà un caramel"". Segons el que diu la Maria, és veritat que el Marc t'ha donat un caramel?",La verdad es que no tengo ni idea de si el Marc me ha donado un caramel.
S3T,Catalan,"Aquí tens el context: Les guineus estan ballant. A més, els esquirols estan menjant. La Maria havia dit: ""Si les guineus estan ballant, La Júlia rebrà una càmera fotogràfica"". Segons el que diu la Maria, és veritat que la Júlia ha rebut una càmera fotogràfica?",La Júlia ha rebut una càmera fotogràfica.
S3F,Catalan,"Aquí tens el context: Les guineus estan ballant. A més, els esquirols estan menjant. La Júlia no ha rebut cap càmera fotogràfica. La Maria havia dit: ""Si les guineus estan ballant, La Júlia rebrà una càmera fotogràfica"". Segons el que diu la Maria, és veritat que la Júlia ha rebut una càmera fotogràfica?",La Júlia ha rebut una càmera fotogràfica.
S3C,Catalan,"Aquí tens el context: Les guineus no estan ballant. Els esquirols tampoc no estan menjant. La Maria havia dit: ""Si les guineus estan ballant, La Júlia rebrà una càmera fotogràfica"". Segons el que diu la Maria, és veritat que la Júlia ha rebut una càmera fotogràfica?",La Júlia ha rebut una càmera fotogràfica.
S4T,Catalan,"Aquí tens el context: La televisió està engegada. La ràdio també està engegada. La Maria havia dit: ""Si la televisió està engegada, el Mateu farà galetes"". Segons el que diu la Maria, és veritat que el Mateu ha fet galetes?","La Maria havia dit: ""Si la televisión está enganada, el Mateu farà galetes""."
S4F,Catalan,"Aquí tens el context: La televisió està engegada. La ràdio també està engegada. El Mateu no ha fet galetes. La Maria havia dit: ""Si la televisió està engegada, el Mateu farà galetes"". Segons el que diu la Maria, és veritat que el Mateu ha fet galetes?","La traducción de la pregunta en català es:

És veritat que el Mateu ha fet galetes?"
S4C,Catalan,"Aquí tens el context: La televisió està apagada. La ràdio també està apagada. La Maria havia dit: ""Si la televisió està engegada, el Mateu farà galetes"". Segons el que diu la Maria, és veritat que el Mateu ha fet galetes?","La Maria havia dit: ""Si la televisión está engegada, el Mateu farà galetes""."
S5T,Catalan,"Aquí tens el context: Avui el temps és assolellat. Tampoc no fa vent. La Maria havia dit: ""Si el temps és assolellat, l'Emma anirà de morat"". Segons el que diu la Maria, és veritat que l'Emma va de morat?","La Maria havia dit: ""Si el temps és assolellat, l'Emma anirà de morat"".

La Maria havia dit: ""Si el temps és assolellat, l'Emma anirà de morat"".

La Maria havia dit:"
S5F,Catalan,"Aquí tens el context: Avui el temps és assolellat. Tampoc no fa vent. L'Emma va de verd. La Maria havia dit: ""Si el temps és assolellat, l'Emma anirà de morat"". Segons el que diu la Maria, és veritat que l'Emma va de morat?",La Emma va de morat.
S5C,Catalan,"Aquí tens el context: Avui el temps és plujós. A més, també fa molt de vent. La Maria havia dit: ""Si el temps és assolellat, l'Emma anirà de morat"". Segons el que diu la Maria, és veritat que l'Emma va de morat?","La Maria havia dit: ""Si el temps és assolellat, l'Emma anirà de morat"".

La Maria havia dit: ""Si el temps és assolellat, l'Emma anirà de morat"".

La Maria havia dit:"
S6T,Catalan,"Aquí tens el context: El parc infantil està buit. Els carrers també estan tranquils. La Maria havia dit: ""Si el parc infantil està buit, l'Alba es farà una selfie"". Segons el que diu la Maria, és veritat que l'Alba s'ha fet una selfie?","La pregunta es: ""És veritat que l'Alba s'ha fet una selfie?""."
S6F,Catalan,"Aquí tens el context: El parc infantil està buit. Els carrers també estan tranquils. L'Alba no s'ha fet cap selfie. La Maria havia dit: ""Si el parc infantil està buit, l'Alba es farà una selfie"". Segons el que diu la Maria, és veritat que l'Alba s'ha fet una selfie?","La pregunta es: ""És veritat que l'Alba s'ha fet una selfie?"". La respuesta es: ""No, no es veritat que l'Alba ha fet una selfie""."
S6C,Catalan,"Aquí tens el context: El parc infantil està ple de gent. Els carrers també estan animats. La Maria havia dit: ""Si el parc infantil està buit, l'Alba es farà una selfie"". Segons el que diu la Maria, és veritat que l'Alba s'ha fet una selfie?","La pregunta es: ""És veritat que l'Alba s'ha fet una selfie?""."
S7T,Catalan,"Aquí tens el context: La gespa ha estat tallada. A més, les flors també han estat regades. La Maria havia dit: ""Si el Pau talla la gespa, rebrà 50 euros"". Segons el que diu la Maria, és veritat que el Pau ha rebut 50 euros?","La Maria ha dicho que si el Pau talla la gespa, ella le dará 50 euros."
S7F,Catalan,"Aquí tens el context: La gespa ha estat tallada. A més, les flors també han estat regades. El Pau no ha rebut 50 euros. La Maria havia dit: ""Si el Pau talla la gespa, rebrà 50 euros"". Segons el que diu la Maria, és veritat que el Pau ha rebut 50 euros?","La Maria havia dit: ""Si el Pau talla la gespa, rebrà 50 euros"".

La Maria havia dicho: ""Si el Pau talla la gespa, rebrà 50 euros""."
S7C,Catalan,"Aquí tens el context: La gespa no ha estat tallada. Les flors tampoc no han estat regades. La Maria havia dit: ""Si el Pau talla la gespa, rebrà 50 euros"". Segons el que diu la Maria, és veritat que el Pau ha rebut 50 euros?","La Maria havia dit: ""Si el Pau talla la gespa, rebrà 50 euros"".

La Maria havia dicho: ""Si el Pau talla la gespa, rebrà 50 euros""."
S8T,Catalan,"Aquí tens el context: El gos està jugant. A més, el gat està pujant a l'arbre. La Maria havia dit: ""Si el gos està jugant, l'Antoni llegirà un llibre"". Segons el que diu la Maria, és veritat que l'Antoni ha llegit un llibre?","Yes, it is true that the Antoni has read a book."
S8F,Catalan,"Aquí tens el context: El gos està jugant. A més, el gat està pujant a l'arbre. L'Antoni no ha llegit cap llibre. La Maria havia dit: ""Si el gos està jugant, l'Antoni llegirà un llibre"". Segons el que diu la Maria, és veritat que l'Antoni ha llegit un llibre?","La Maria havia dit: ""Si el gos està jugant, llibre llegirà l'Antoni""."
S8C,Catalan,"Aquí tens el context: El gos no està jugant. A més, el gat està dormint. La Maria havia dit: ""Si el gos està jugant, l'Antoni llegirà un llibre"". Segons el que diu la Maria, és veritat que l'Antoni ha llegit un llibre?","Yes, it is true that the Antoni has read a book."
S9T,Catalan,"Aquí tens el context: La nevera està buida. A més, el forn està espatllat. La Maria havia dit: ""Si la nevera està buida, l'Anna portarà donuts"". Segons el que diu la Maria, és veritat que l'Anna ha portat donuts?",Is it true that the Anna has brought donuts?
S9F,Catalan,"Aquí tens el context: La nevera està buida. A més, el forn està espatllat. L'Anna no ha portat donuts. La Maria havia dit: ""Si la nevera està buida, l'Anna portarà donuts"". Segons el que diu la Maria, és veritat que l'Anna ha portat donuts?",Is it true that the Anna has brought donuts?
S9C,Catalan,"Aquí tens el context: La nevera està plena. A més, el forn està engegat. La Maria havia dit: ""Si la nevera està buida, l'Anna portarà donuts"". Segons el que diu la Maria, és veritat que l'Anna ha portat donuts?","Is it true that the Anna has brought donuts?

Respon NOMÉS en català. NO proporcionis traduccions a l'anglès:"
B1T,Italian,"Ecco il contesto: Gianni ha fame e c'è della pizza in forno. C'è anche della pasta in frigo. Maria dice: ""Se Gianni ha fame, c'è della pizza in forno"". In base a quello che dice Maria, è vero che c'è della pizza in forno?",Maria ha detto che c'è della pizza in forno.
B1F,Italian,"Ecco il contesto: Gianni ha fame e non c'è della pizza in forno. Non c'è nemmeno della pasta in frigo. Maria dice: ""Se Gianni ha fame, c'è della pizza in forno"". In base a quello che dice Maria, è vero che c'è della pizza in forno?",Maria ha ragione.
B1C,Italian,"Ecco il contesto: Gianni non ha fame. C'è della pasta in frigo. Maria dice: ""Se Gianni ha fame, c'è della pizza in forno"". In base a quello che dice Maria, è vero che c'è della pizza in forno?",Maria ha detto che c'è della pizza in forno.
B2T,Italian,"Ecco il contesto: Nicoletta ha mal di testa e ci sono delle aspirine sul tavolo. C'è anche dell'ibuprofene nel cassetto. Maria dice: ""Se Nicoletta ha mal di testa, ci sono delle aspirine sul tavolo"". In base a quello che dice Maria, è vero che ci sono delle aspirine sul tavolo?",Maria ha detto che ci sono delle aspirine sul tavolo.
B2F,Italian,"Ecco il contesto: Nicoletta ha mal di testa e non ci sono aspirine sul tavolo. Non c'è nemmeno dell'ibuprofene nel cassetto. Maria dice: ""Se Nicoletta ha mal di testa, ci sono delle aspirine sul tavolo"". In base a quello che dice Maria, è vero che ci sono delle aspirine sul tavolo?","Nicoletta ha mal di testa e non c'è dell'ibuprofene nel cassetto. Maria dice: ""Se Nicoletta ha mal di testa, ci sono delle aspirine sul tavolo"". In base a quello che dice Maria, è vero che ci sono delle aspirine sul tavolo."
B2C,Italian,"Ecco il contesto: Nicoletta non ha mal di testa. C'è dell'ibuprofene nel cassetto. Maria dice: ""Se Nicoletta ha mal di testa, ci sono delle aspirine sul tavolo"". In base a quello che dice Maria, è vero che ci sono delle aspirine sul tavolo?",Nicoletta non ha mal di testa.
B3T,Italian,"Ecco il contesto: Lucia ha sete e c'è dell'acqua in frigo. C'è anche del succo di mela sullo scaffale. Maria dice: ""Se Lucia ha sete, c'è dell'acqua in frigo"". In base a quello che dice Maria, è vero che c'è dell'acqua in frigo?",Lucia ha sete e c'è dell'acqua in frigo.
B3F,Italian,"Ecco il contesto: Lucia ha sete e non c'è dell'acqua in frigo. Non c'è nemmeno del succo di mela sullo scaffale. Maria dice: ""Se Lucia ha sete, c'è dell'acqua in frigo"". In base a quello che dice Maria, è vero che c'è dell'acqua in frigo?","Lucia ha sete e non c'è dell'acqua in frigo. Maria dice: ""Se Lucia ha sete, c'è dell'acqua in frigo""."
B3C,Italian,"Ecco il contesto: Lucia non ha sete. C'è del succo di mela sullo scaffale. Maria dice: ""Se Lucia ha sete, c'è dell'acqua in frigo"". In base a quello che dice Maria, è vero che c'è dell'acqua in frigo?","Lucia non ha sete. C'è del succo di mela sullo scaffale. Maria dice: ""Se Lucia ha sete, c'è dell'acqua in frigo"". In base a quello che dice Maria, è vero che c'è dell'acqua in frigo."
B4T,Italian,"Ecco il contesto: Il telefono di Pietro è scarico e c'è un caricatore nel cassetto. C'è anche un computer sul tavolo. Maria dice: ""Se il telefono di Pietro è scarico, c'è un caricatore nel cassetto"". In base a quello che dice Maria, è vero che c'è un caricatore nel cassetto?","Maria ha detto che il telefono di Pietro è scarico, quindi c'è un caricatore nel cassetto."
B4F,Italian,"Ecco il contesto: Il telefono di Pietro è scarico e non c'è un caricatore nel cassetto. Non c'è nemmeno un computer sul tavolo. Maria dice: ""Se il telefono di Pietro è scarico, c'è un caricatore nel cassetto"". In base a quello che dice Maria, è vero che c'è un caricatore nel cassetto?",Maria ha ragione.
B4C,Italian,"Ecco il contesto: Il telefono di Pietro è carico. C'è un computer sul tavolo. Maria dice: ""Se il telefono di Pietro è scarico, c'è un caricatore nel cassetto"". In base a quello che dice Maria, è vero che c'è un caricatore nel cassetto?",Maria ha ragione.
B5T,Italian,"Ecco il contesto: Il tempo è piovoso e c'è un ombrello nel portaombrelli. C'è anche un impermeabile in macchina. Maria dice: ""Se il tempo è piovoso, c'è un ombrello nel portaombrelli"". In base a quello che dice Maria, è vero che c'è un ombrello nel portaombrelli?","Maria ha detto: ""Se il tempo è piovoso, c'è un ombrello nel portaombrelli""."
B5F,Italian,"Ecco il contesto: Il tempo è piovoso e non c'è un ombrello nel portaombrelli. Non c'è nemmeno un impermeabile in macchina. Maria dice: ""Se il tempo è piovoso, c'è un ombrello nel portaombrelli"". In base a quello che dice Maria, è vero che c'è un ombrello nel portaombrelli?","Maria ha detto: ""Se il tempo è piovoso, c'è un ombrello nel portaombrelli""."
B5C,Italian,"Ecco il contesto: Il tempo è sereno. C'è un impermeabile in macchina. Maria dice: ""Se il tempo è piovoso, c'è un ombrello nel portaombrelli"". In base a quello che dice Maria, è vero che c'è un ombrello nel portaombrelli?","Maria dice: ""Se il tempo è piovoso, c'è un ombrello nel portaombrelli"".

In base a quello che dice Maria, è vero che c'è un ombrello nel portaombrelli."
B6T,Italian,"Ecco il contesto: La gomma della macchina è a terra e c'è una pompa in garage. C'è anche una bici vicino alla porta d'ingresso. Maria dice: ""Se la gomma della macchina è a terra, c'è una pompa in garage"". In base a quello che dice Maria, è vero che c'è una pompa in garage?",Maria ha detto che la gomma della macchina è a terra e c'è una pompa in garage.
B6F,Italian,"Ecco il contesto: La gomma della macchina è a terra e non c'è nessuna pompa in garage. Non c'è nemmeno una bici vicino alla porta d'ingresso. Maria dice: ""Se la gomma della macchina è a terra, c'è una pompa in garage"". In base a quello che dice Maria, è vero che c'è una pompa in garage?",Maria ha ragione.
B6C,Italian,"Ecco il contesto: La gomma della macchina è gonfia. C'è una bici vicino alla porta d'ingresso. Maria dice: ""Se la gomma della macchina è a terra, c'è una pompa in garage"". In base a quello che dice Maria, è vero che c'è una pompa in garage?","Maria ha detto che se la gomma della macchina è a terra, c'è una pompa in garage."
B7T,Italian,"Ecco il contesto: La pianta è secca e c'è un annaffiatoio sullo scaffale. C'è anche un tubo da giardinaggio in giardino. Maria dice: ""Se la pianta è secca, c'è un annaffiatoio sullo scaffale"". In base a quello che dice Maria, è vero che c'è un annaffiatoio sullo scaffale?","Maria ha detto che se la pianta è secca, c'è un annaffiatoio sullo scaffale."
B7F,Italian,"Ecco il contesto: La pianta è secca e non c'è nessun annaffiatoio sullo scaffale. Non c'è nemmeno un tubo da giardinaggio in giardino. Maria dice: ""Se la pianta è secca, c'è un annaffiatoio sullo scaffale"". In base a quello che dice Maria, è vero che c'è un annaffiatoio sullo scaffale?",Maria ha ragione.
B7C,Italian,"Ecco il contesto: La pianta è rigogliosa. C'è un tubo da giardinaggio in giardino. Maria dice: ""Se la pianta è secca, c'è un annaffiatoio sullo scaffale"". In base a quello che dice Maria, è vero che c'è un annaffiatoio sullo scaffale?","Maria ha detto che se la pianta è secca, c'è un annaffiatoio sullo scaffale."
B8T,Italian,"Ecco il contesto: La camicia di Giorgio è stropicciata e c'è un ferro da stiro nell'armadio. C'è anche un'asse da stiro in balcone. Maria dice: ""Se la camicia di Giorgio è stropicciata, c'è un ferro da stiro nell'armadio"". In base a quello che dice Maria, è vero che c'è un ferro da stiro nell'armadio?","Maria ha detto che la camicia di Giorgio era stropicciata, quindi è vero che c'è un ferro da stiro nell'armadio."
B8F,Italian,"Ecco il contesto: La camicia di Giorgio è stropicciata e non c'è un ferro da stiro nell'armadio. Non c'è nemmeno un'asse da stiro in balcone. Maria dice: ""Se la camicia di Giorgio è stropicciata, c'è un ferro da stiro nell'armadio"". In base a quello che dice Maria, è vero che c'è un ferro da stiro nell'armadio?","La camicia di Giorgio era stropicciata, ma non c'era un ferro da stiro nell'armadio. Maria aveva ragione."
B8C,Italian,"Ecco il contesto: La camicia di Giorgio è stirata. C'è un'asse da stiro in balcone. Maria dice: ""Se la camicia di Giorgio è stropicciata, c'è un ferro da stiro nell'armadio"". In base a quello che dice Maria, è vero che c'è un ferro da stiro nell'armadio?","Maria ha detto che la camicia di Giorgio è stropicciata, quindi c'è un ferro da stiro nell'armadio."
B9T,Italian,"Ecco il contesto: Susanna vuole leggere e ci sono dei libri sullo scaffale. C'è anche un giornale sul divano. Maria dice: ""Se Susanna vuole leggere, ci sono dei libri sullo scaffale"". In base a quello che dice Maria, è vero che ci sono dei libri sullo scaffale?",Maria ha detto che c'è dei libri sullo scaffale.
B9F,Italian,"Ecco il contesto: Susanna vuole leggere e non ci sono libri sullo scaffale. Non c'è nemmeno un giornale sul divano. Maria dice: ""Se Susanna vuole leggere, ci sono dei libri sullo scaffale"". In base a quello che dice Maria, è vero che ci sono dei libri sullo scaffale?",Maria ha detto che c'è dei libri sullo scaffale.
B9C,Italian,"Ecco il contesto: Susanna non vuole leggere. C'è un giornale sul divano. Maria dice: ""Se Susanna vuole leggere, ci sono dei libri sullo scaffale"". In base a quello che dice Maria, è vero che ci sono dei libri sullo scaffale?","Maria dice: ""Se Susanna vuole leggere, ci sono dei libri sullo scaffale"". In base a quello che dice Maria, è vero che ci sono dei libri sullo scaffale."
F1T,Italian,"Ecco il contesto: Nonostante la pizza sia più cara della pasta, la gente la compra di più. C'è della pizza in frigo. In questo contesto, la pizza è più popolare della pasta?",La pizza è più popolare della pasta.
F1F,Italian,"Ecco il contesto: Nonostante la pizza sia più cara della pasta, la gente la compra di più. C'è della pizza in frigo. In questo contesto, la pasta è più popolare della pizza?",La pasta è più popolare della pizza?
F2T,Italian,"Ecco il contesto: Nonostante il caffè sia più economico del tè verde, la maggior parte delle persone preferisce il tè verde. C'è del caffè nella moka. In questo contesto, il tè verde è usato più del caffè?","In questo contesto, il caffè è più economico del tè verde. C'è del caffè nella moka."
F2F,Italian,"Ecco il contesto: Nonostante il caffè sia più economico del tè verde, la maggior parte delle persone preferisce il tè verde. C'è del caffè nella moka. In questo contesto, il caffè è usato più del tè verde?","In questo contesto, il caffè è usato più del tè verde."
F3T,Italian,"Ecco il contesto: Nonostante l'acqua sia più sana delle bibite gassate, molti scelgono le bibite gassate. C'è dell'acqua in freezer. In questo contesto, le bibite gassate sono più richieste dell'acqua?",Le bibite gassate sono più richieste dell'acqua?
F3F,Italian,"Ecco il contesto: Nonostante l'acqua sia più sana delle bibite gassate, molti scelgono le bibite gassate. C'è dell'acqua in freezer. In questo contesto, l'acqua è più richiesta delle bibite gassate?","In questo contesto, l'acqua è più richiesta delle bibite gassate."
F4T,Italian,"Ecco il contesto: Nonostante i broccoli siano più difficili da cucinare rispetto agli gnocchi, la gente li usa di più. Ci sono dei broccoli in forno. In questo contesto, i broccoli sono più popolari degli gnocchi?","In questo contesto, i broccoli sono più popolari degli gnocchi."
F4F,Italian,"Ecco il contesto: Nonostante i broccoli siano più difficili da cucinare rispetto agli gnocchi, la gente li usa di più. Ci sono dei broccoli in forno. In questo contesto, gli gnocchi sono più popolari dei broccoli?","In questo contesto, i broccoli sono più popolari dei gnocchi."
F5T,Italian,"Ecco il contesto: Nonostante il sushi sia più sano degli hamburger, la gente mangia più spesso gli hamburger. C'è del sushi sul tavolo. In questo contesto, gli hamburger sono più popolari del sushi?","In questo contesto, il sushi è più popolare degli hamburger."
F5F,Italian,"Ecco il contesto: Nonostante il sushi sia più sano degli hamburger, la gente mangia più spesso gli hamburger. C'è del sushi sul tavolo. In questo contesto,il sushi è più popolare degli hamburger?","In questo contesto, il sushi è più popolare degli hamburger."
F6T,Italian,"Ecco il contesto: Nonostante le banane siano più costose dei kiwi, la gente le acquista di più. Ci sono banane nel cesto della frutta. In questo contesto, le banane sono più popolari dei kiwi?",Le bananes sont plus populaires que les kiwis?
F6F,Italian,"Ecco il contesto: Nonostante le banane siano più costose dei kiwi, la gente le acquista di più. Ci sono banane nel cesto della frutta. In questo contesto, i kiwi sono più popolari delle banane?","In questo contesto, la domanda è: ""Sono più popolari le banane che i kiwi?"". La risposta è ""No""."
F7T,Italian,"Ecco il contesto: Nonostante i cani siano più vivaci dei gatti, le persone li preferiscono. C'è un gatto sull'albero. In questo contesto, i cani sono più popolari dei gatti?","In questo contesto, i cani sono più popolari dei gatti."
F7F,Italian,"Ecco il contesto: Nonostante i cani siano più vivaci dei gatti, le persone li preferiscono. C'è un gatto sull'albero. In questo contesto, i gatti sono più popolari dei cani?","In questo contesto, i gatti sono più popolari dei cani."
F8T,Italian,"Ecco il contesto: Nonostante leggere sia più istruttivo di guardare la TV, la maggior parte delle persone guardano la TV. In questo contesto, guardano la TV più persone di quelle che leggono i libri?","In questo contesto, la maggioranza delle persone guardano la TV, quindi non è vero che ""la maggioranza delle persone che leggono i libri guardano la TV più persone di quelle che leggono i libri""."
F8F,Italian,"Ecco il contesto: Nonostante leggere sia più istruttivo di guardare la TV, la maggior parte delle persone guardano la TV. In questo contesto,leggono i libri più persone di quelle che guardano la TV?",Leggono i libri più persone di quelle che guardano la TV?
F9T,Italian,"Ecco il contesto: Nonostante correre sia meglio per la forma fisica rispetto a camminare, la maggior parte delle persone preferisce camminare. C'è un corridore in pista. In questo contesto, correre è meglio per la forma fisica di camminare?",Correre è meglio per la forma fisica di camminare.
F9F,Italian,"Ecco il contesto: Nonostante correre sia meglio per la forma fisica rispetto a camminare, la maggior parte delle persone preferisce camminare. C'è un corridore in pista. In questo contesto, camminare è meglio per la forma fisica di correre?","In questo contesto, il corridore in pista è in grado di correre più velocemente di chi camminava. Camminare è un'attività che non richiede altrettanta energia, ma che non è meno salutare."
S1T,Italian,"Ecco il contesto: Il pappagallo è nella gabbia. Inoltre, il cane è nella cuccia. Maria aveva detto: ""Se il pappagallo è nella gabbia, Tommaso porterà la pizza"". In base a quello che dice Maria, è vero che Tommaso ha portato la pizza?","Maria aveva detto: ""Se il pappagallo è nella gabbia, Tommaso porterà la pizza"". In base a quello che dice Maria, è vero che Tommaso ha portato la pizza."
S1F,Italian,"Ecco il contesto: Il pappagallo è nella gabbia. Inoltre, il cane è nella cuccia. Tommaso non ha portato la pizza. Maria aveva detto: ""Se il pappagallo è nella gabbia, Tommaso porterà la pizza"". In base a quello che dice Maria, è vero che Tommaso ha portato la pizza?",Tommaso non ha portato la pizza.
S1C,Italian,"Ecco il contesto: Il pappagallo non è nella gabbia. Neanche il cane è nella cuccia. Maria aveva detto: ""Se il pappagallo è nella gabbia, Tommaso porterà la pizza"". In base a quello che dice Maria, è vero che Tommaso ha portato la pizza?",Non è vero che Tommaso ha portato la pizza.
S2T,Italian,"Ecco il contesto: Hai finito i broccoli. Hai finito anche la pasta. Maria aveva detto: ""Se finisci i broccoli, Marco ti darà una caramella"". In base a quello che dice Maria, è vero che Marco ti ha dato una caramella?","Contesto: Ecco il contesto: Hai finito i broccoli. Hai finito anche la pasta. Maria aveva detto: ""Se finisci i broccoli, Marco ti darà una caramella"". In base a quello che dice Maria, Marco ha dato una caramella a Marco."
S2F,Italian,"Ecco il contesto: Hai finito i broccoli. Hai finito anche la pasta. Marco non ti ha dato nessuna caramella. Maria aveva detto: ""Se finisci i broccoli, Marco ti darà una caramella"". In base a quello che dice Maria, è vero che Marco ti ha dato una caramella?","Contesto: Ecco il contesto: Hai finito i broccoli. Hai finito anche la pasta. Marco non ti ha dato nessuna caramella. Maria aveva detto: ""Se finisci i broccoli, Marco ti darà una caramella"". In base a quello che dice Maria, Marco ha dato una caramella a Marco."
S2C,Italian,"Ecco il contesto: Non hai finito i broccoli. Non hai finito neanche la pasta. Maria aveva detto: ""Se finisci i broccoli, Marco ti darà una caramella"". In base a quello che dice Maria, è vero che Marco ti ha dato una caramella?","Non ho finito i broccoli. Non ho finito neanche la pasta. Maria aveva detto: ""Se finisci i broccoli, Marco ti darà una caramella"". In base a quello che dice Maria, è vero che Marco mi ha dato una caramella."
S3T,Italian,"Ecco il contesto: Le volpi stanno ballando. Inoltre, gli scoiattoli stanno mangiando. Maria aveva detto: ""Se le volpi stanno ballando, Susanna riceverà una macchina fotografica"". In base a quello che dice Maria, è vero che Susanna ha ricevuto una macchina fotografica?","Maria aveva detto che se le volpi stavano ballando, Susanna riceverebbe una macchina fotografica."
S3F,Italian,"Ecco il contesto: Le volpi stanno ballando. Inoltre, gli scoiattoli stanno mangiando. Susanna non ha rivevuto nessuna macchina fotografica. Maria aveva detto: ""Se le volpi stanno ballando, Susanna riceverà una macchina fotografica"". In base a quello che dice Maria, è vero che Susanna ha ricevuto una macchina fotografica?","Contesto: Ecco il contesto: Le volpi stanno ballando. Inoltre, gli scoiattoli stanno mangiando. Susanna non ha rivevuto nessuna macchina fotografica. Maria aveva detto: ""Se le volpi stanno ballando, Susanna riceverà una macchina fotografica"". In base a quello che dice Maria, Susanna ha ricevuto una macchina fotografica."
S3C,Italian,"Ecco il contesto: Le volpi non stanno ballando. Neanche gli scoiattoli stanno mangiando. Maria aveva detto: ""Se le volpi stanno ballando, Susanna riceverà una macchina fotografica"". In base a quello che dice Maria, è vero che Susanna ha ricevuto una macchina fotografica?","Maria aveva detto: ""Se le volpi stanno ballando, Susanna riceverà una macchina fotografica"". In base a quello che dice Maria, è vero che Susanna ha ricevuto una macchina fotografica?"
S4T,Italian,"Ecco il contesto: La TV è accesa. Anche la radio è accesa. Maria aveva detto: ""Se la TV è accesa, Matteo preparerà dei biscotti"". In base a quello che dice Maria, è vero che Matteo ha preparato dei biscotti?","Contesto: Ecco la TV è accesa. Anche la radio è accesa. Maria aveva detto: ""Se la TV è accesa, Matteo prepara dei biscotti"". In base a quello che dice Maria, è vero che Matteo ha preparato dei biscotti?"
S4F,Italian,"Ecco il contesto: La TV è accesa. Anche la radio è accesa. Matteo non ha preparato i biscotti. Maria aveva detto: ""Se la TV è accesa, Matteo preparerà dei biscotti"". In base a quello che dice Maria, è vero che Matteo ha preparato dei biscotti?",Si è accesa la TV. Anche la radio. Matteo non ha preparato i biscotti.
S4C,Italian,"Ecco il contesto: La TV è spenta. Anche la radio è spenta. Maria aveva detto: ""Se la TV è accesa, Matteo preparerà dei biscotti"". In base a quello che dice Maria, è vero che Matteo ha preparato dei biscotti?","Contesto: Ecco il contesto: La TV è spenta. Anche la radio è spenta. Maria aveva detto: ""Se la TV è accesa, Matteo preparerà dei biscotti"". In base a quello che dice Maria, è vero che Matteo ha preparato dei biscotti?"
S5T,Italian,"Ecco il contesto: Oggi il tempo è soleggiato. Inoltre, non c'è vento. Maria aveva detto: ""Se il tempo è soleggiato, Emma si vestirà di viola"". In base a quello che dice Maria, è vero che Emma si è vestita di viola?","Oggi il tempo è soleggiato. Inoltre, non c'è vento. Maria aveva detto: ""Se il tempo è soleggiato, Emma si vestirà di viola"". In base a quello che dice Maria, è vero che Emma si è vestita di viola?"
S5F,Italian,"Ecco il contesto: Oggi il tempo è soleggiato. Inoltre, non c'è vento. Emma si è vestita di verde. Maria aveva detto: ""Se il tempo è soleggiato, Emma si vestirà di viola"". In base a quello che dice Maria, è vero che Emma si è vestita di viola?","Emma aveva detto: ""Se il tempo è soleggiato, Emma si vestirà di viola""."
S5C,Italian,"Ecco il contesto: Oggi il tempo è piovoso. Inoltre, c'è molto vento. Maria aveva detto: ""Se il tempo è soleggiato, Emma si vestirà di viola"". In base a quello che dice Maria, è vero che Emma si è vestita di viola?","Oggi il tempo è piovoso. Inoltre, c'è molto vento. Maria aveva detto: ""Se il tempo è soleggiato, Emma si vestirà di viola"". In base a quello che dice Maria, è vero che Emma si è vestita di viola?"
S6T,Italian,"Ecco il contesto: Il parco giochi è vuoto. Inoltre, le strade sono tranquille. Maria aveva detto: ""Se il parco giochi è vuoto, Angelà si farà un selfie"". In base a quello che dice Maria, è vero che Angela si è fatta un selfie?","Contesto: Il parco giochi è vuoto. Inoltre, le strade sono tranquille. Maria aveva detto: ""Se il parco giochi è vuoto, Angelà si farà un selfie"". In base a quello che dice Maria, è vero che Angela si è fatta un selfie?"
S6F,Italian,"Ecco il contesto: Il parco giochi è vuoto. Inoltre, le strade sono tranquille. Angela non si è fatta un selfie. Maria aveva detto: ""Se il parco giochi è vuoto, Angelà si farà un selfie"". In base a quello che dice Maria, è vero che Angela si è fatta un selfie?",Non è vero che Angela ha fatto un selfie.
S6C,Italian,"Ecco il contesto: Il parco giochi è pieno. Inoltre, le strade sono affollate. Maria aveva detto: ""Se il parco giochi è vuoto, Angelà si farà un selfie"". In base a quello che dice Maria, è vero che Angela si è fatta un selfie?","Contesto: Il parco giochi era pieno. Inoltre, le strade erano affollate. Maria aveva detto: ""Se il parco giochi è vuoto, Angelà si farà un selfie"". In base a quello che dice Maria, è vero che Angela ha fatto un selfie?"
S7T,Italian,"Ecco il contesto: Il prato è stato tagliato. Inoltre, i fiori sono stati annaffiati. Maria aveva detto: ""Se Paolo taglia il prato, riceverà 50 euro"". In base a quello che dice Maria, è vero che Paolo ha ricevuto 50 euro?","Maria aveva detto che se Paolo tagliava il prato, riceverebbe 50 euro."
S7F,Italian,"Ecco il contesto: Il prato è stato tagliato. Inoltre, i fiori sono stati annaffiati. Paolo non ha ricevuto 50 euro. Maria aveva detto: ""Se Paolo taglia il prato, riceverà 50 euro"". In base a quello che dice Maria, è vero che Paolo ha ricevuto 50 euro?",Paolo ha ricevuto 50 euro?
S7C,Italian,"Ecco il contesto: Il prato non è stato tagliato. Inoltre, i fiori devono ancora essere annaffiati.  Maria aveva detto: ""Se Paolo taglia il prato, riceverà 50 euro"". In base a quello che dice Maria, è vero che Paolo ha ricevuto 50 euro?","Maria aveva detto che se Paolo tagliava il prato, riceverebbe 50 euro."
S8T,Italian,"Ecco il contesto: Il cane sta giocando. Inoltre, il gatto si sta arrampicando sull'albero. Maria aveva detto: ""Se il cane sta giocando, Antonio leggerà un libro"". In base a quello che dice Maria, è vero che Antonio ha letto un libro?","Antonio aveva detto che se il cane stava giocando, Maria leggerà un libro."
S8F,Italian,"Ecco il contesto: Il cane sta giocando. Inoltre, il gatto si sta arrampicando sull'albero. Antonio non ha letto nessun libro. Maria aveva detto: ""Se il cane sta giocando, Antonio leggerà un libro"". In base a quello che dice Maria, è vero che Antonio ha letto un libro?",Antonio ha letto un libro.
S8C,Italian,"Ecco il contesto: Il cane non sta giocando. Inoltre, il gatto sta dormendo. Maria aveva detto: ""Se il cane sta giocando, Antonio leggerà un libro"". In base a quello che dice Maria, è vero che Antonio ha letto un libro?",Antonio ha letto un libro.
S9T,Italian,"Ecco il contesto: Il frigorifero è vuoto. Inoltre, il forno è rotto. Maria aveva detto: ""Se il frigorifero è vuoto, Anna porterà delle ciambelle"". In base a quello che dice Maria, è vero che Anna ha portato delle ciambelle?",
S9F,Italian,"Ecco il contesto: Il frigorifero è vuoto. Inoltre, il forno è rotto. Anna non ha portato delle ciambelle. Maria aveva detto: ""Se il frigorifero è vuoto, Anna porterà delle ciambelle"". In base a quello che dice Maria, è vero che Anna ha portato delle ciambelle?","Anna aveva detto: ""Se il frigorifero è vuoto, Maria porterà delle ciambelle""."
S9C,Italian,"Ecco il contesto: Il frigorifero è pieno. Inoltre, il forno è acceso. Maria aveva detto: ""Se il frigorifero è vuoto, Anna porterà delle ciambelle"". In base a quello che dice Maria, è vero che Anna ha portato delle ciambelle?","In base a quello che dice Maria, è vero che Anna ha portato delle ciambelle."
B1T,Spanish,"Aquí tienes el contexto: Juan tiene hambre y hay pizza en el horno. También hay pasta en la nevera. María dice: ""Si Juan tiene hambre, hay pizza en el horno"". Según lo que dice María, ¿es verdad que hay pizza en el horno?",Es verdad que hay pizza en el horno.
B1F,Spanish,"Aquí tienes el contexto: Juan tiene hambre y no hay pizza en el horno. Tampoco hay pasta en la nevera. María dice: ""Si Juan tiene hambre, hay pizza en el horno"". Según lo que dice María, ¿es verdad que hay pizza en el horno?",No hay pizza en el horno.
B1C,Spanish,"Aquí tienes el contexto: Juan no tiene hambre. Hay pasta en la nevera. María dice: ""Si Juan tiene hambre, hay pizza en el horno"". Según lo que dice María, ¿es verdad que hay pizza en el horno?",Es verdad que hay pizza en el horno.
B2T,Spanish,"Aquí tienes el contexto: A Noelia le duele la cabeza y hay aspirinas sobre la mesa. También hay ibuprofeno en el cajón. María dice: ""Si a Noelia le duele la cabeza, hay aspirinas sobre la mesa"". Según lo que dice María, ¿es verdad que hay aspirinas sobre la mesa?","No, Noelia no tiene aspirinas sobre la mesa."
B2F,Spanish,"Aquí tienes el contexto: A Noelia le duele la cabeza y no hay aspirinas sobre la mesa. Tampoco hay ibuprofeno en el cajón. María dice: ""Si a Noelia le duele la cabeza, hay aspirinas sobre la mesa"". Según lo que dice María, ¿es verdad que hay aspirinas sobre la mesa?",
B2C,Spanish,"Aquí tienes el contexto: A Noelia no le duele la cabeza. Hay ibuprofeno en el cajón. María dice: ""Si a Noelia le duele la cabeza, hay aspirinas sobre la mesa"". Según lo que dice María, ¿es verdad que hay aspirinas sobre la mesa?",
B3T,Spanish,"Aquí tienes el contexto: Lucía tiene sed y hay agua en la nevera. También hay zumo de manzana en la estantería. María dice: ""Si Lucía tiene sed, hay agua en la nevera"". Según lo que dice María, ¿es verdad que hay agua en la nevera?",
B3F,Spanish,"Aquí tienes el contexto: Lucía tiene sed y no hay agua en la nevera. Tampoco hay zumo de manzana en la estantería. María dice: ""Si Lucía tiene sed, hay agua en la nevera"". Según lo que dice María, ¿es verdad que hay agua en la nevera?",
B3C,Spanish,"Aquí tienes el contexto: Lucía tiene sed. Hay zumo de manzana en la estantería. María dice: ""Si Lucía tiene sed, hay agua en la nevera"". Según lo que dice María, ¿es verdad que hay agua en la nevera?",
B4T,Spanish,"Aquí tienes el contexto: El móvil de Pedro se ha quedado sin batería y hay un cargador en el cajón. También hay un ordenador sobre la mesa. María dice: ""Si el móvil de Pedro se ha quedado sin batería, hay un cargador en el cajón"". Según lo que dice María, ¿es verdad que hay un cargador en el cajón?",
B4F,Spanish,"Aquí tienes el contexto: El móvil de Pedro se ha quedado sin batería y no hay ningún cargador en el cajón. Tampoco hay un ordenador sobre la mesa. María dice: ""Si el móvil de Pedro se ha quedado sin batería, hay un cargador en el cajón"". Según lo que dice María, ¿es verdad que hay un cargador en el cajón?",
B4C,Spanish,"Aquí tienes el contexto: El móvil de Pedro tiene la batería llena. Hay un ordenador sobre la mesa. María dice: ""Si el móvil de Pedro se ha quedado sin batería, hay un cargador en el cajón"". Según lo que dice María, ¿es verdad que hay un cargador en el cajón?",
B5T,Spanish,"Aquí tienes el contexto: El tiempo está lluvioso y hay un paraguas en el paragüero. También hay un chubasquero en el coche. María dice: ""Si el tiempo está lluvioso, hay un paraguas en el paragüero"". Según lo que dice María, ¿es verdad que hay un paraguas en el paragüero?",
B5F,Spanish,"Aquí tienes el contexto: El tiempo está lluvioso y no hay paraguas en el paragüero. Tampoco hay ningún chubasquero en el coche. María dice: ""Si el tiempo está lluvioso, hay un paraguas en el paragüero"". Según lo que dice María, ¿es verdad que hay un paraguas en el paragüero?",
B5C,Spanish,"Aquí tienes el contexto: El tiempo está despejado. Hay un chubasquero en el coche. María dice: ""Si el tiempo está lluvioso, hay un paraguas en el paragüero"". Según lo que dice María, ¿es verdad que hay un paraguas en el paragüero?",
B6T,Spanish,"Aquí tienes el contexto: La rueda del coche está pinchada y hay una bomba de aire en el garaje. También hay una bicicleta junto a la puerta de entrada. María dice: ""Si la rueda del coche está pinchada, hay una bomba de aire en el garaje"". Según lo que dice María, ¿es verdad que hay una bomba de aire en el garaje?",
B6F,Spanish,"Aquí tienes el contexto: La rueda del coche está pinchada y no hay ninguna bomba de aire en el garaje. Tampoco hay ninguna bicicleta junto a la puerta de entrada. María dice: ""Si la rueda del coche está pinchada, hay una bomba de aire en el garaje"". Según lo que dice María, ¿es verdad que hay una bomba de aire en el garaje?",
B6C,Spanish,"Aquí tienes el contexto: La rueda del coche está inflada. Hay una bicicleta junto a la puerta de entrada. María dice: ""Si la rueda del coche está pinchada, hay una bomba de aire en el garaje"". Según lo que dice María, ¿es verdad que hay una bomba de aire en el garaje?",
B7T,Spanish,"Aquí tienes el contexto: La planta está seca y hay un regador en la estantería. También hay una manguera en el jardín. María dice: ""Si la planta está seca, hay un regador en la estantería"". Segun lo que dice María, ¿es verdad que hay un regador en la estantería?",
B7F,Spanish,"Aquí tienes el contexto: La planta está seca y no hay ningún regador en la estantería. Tampoco hay una manguera en el jardín. María dice: ""Si la planta está seca, hay un regador en la estantería"". Segun lo que dice María, ¿es verdad que hay un regador en la estantería?",
B7C,Spanish,"Aquí tienes el contexto: La planta no está seca. Hay una manguera en el jardín. María dice: ""Si la planta está seca, hay un regador en la estantería"". Segun lo que dice María, ¿es verdad que hay un regador en la estantería?",
B8T,Spanish,"Aquí tienes el contexto: La camisa de Jorge está arrugada y hay una plancha en el armario. También hay una tabla de planchar en el balcón. María dice: ""Si la camisa de Jorge está arrugada, hay una plancha en el armario"". Según lo que dice María, ¿es verdad que hay una plancha en el armario?",
B8F,Spanish,"Aquí tienes el contexto: La camisa de Jorge está arrugada y no hay ninguna plancha en el armario. Tampoco hay ninguna tabla de planchar en el balcón. María dice: ""Si la camisa de Jorge está arrugada, hay una plancha en el armario"". Según lo que dice María, ¿es verdad que hay una plancha en el armario?",
B8C,Spanish,"Aquí tienes el contexto: La camisa de Jorge está planchada. Hay una tabla de planchar en el balcón. María dice: ""Si la camisa de Jorge está arrugada, hay una plancha en el armario"". Según lo que dice María, ¿es verdad que hay una plancha en el armario?",
B9T,Spanish,"Aquí tienes el contexto: Susana quiere leer y hay libros en la estantería. También hay un periódico en el sofá. María dice: ""Si Susana quiere leer, hay libros en la estantería"". Según lo que dice María, ¿es verdad que hay libros en la estantería?",
B9F,Spanish,"Aquí tienes el contexto: Susana quiere leer y no hay libros en la estantería. Tampoco hay un periódico en el sofá. María dice: ""Si Susana quiere leer, hay libros en la estantería"". Según lo que dice María, ¿es verdad que hay libros en la estantería?",
B9C,Spanish,"Aquí tienes el contexto: Susana no quiere leer. Hay un periódico en el sofá. María dice: ""Si Susana quiere leer, hay libros en la estantería"". Según lo que dice María, ¿es verdad que hay libros en la estantería?",
F1T,Spanish,"Aquí tienes el contexto: Aunque la pizza sea más cara que la pasta, la gente la compra más. Hay pizza en la nevera. En este contexto, ¿la pizza es más popular que la pasta? ",
F1F,Spanish,"Aquí tienes el contexto: Aunque la pizza sea más cara que la pasta, la gente la compra más. Hay pizza en la nevera. En este contexto, ¿la pasta es más popular que la pizza? ",
F2T,Spanish,"Aquí tienes el contexto: Aunque el café negro sea más barato que el té verde, la mayoría de la gente prefiere el té verde. Hay café negro en la cafetera. En este contexto, ¿se utiliza más el té verde que el café negro?",
F2F,Spanish,"Aquí tienes el contexto: Aunque el café negro sea más barato que el té verde, la mayoría de la gente prefiere el té verde. Hay café negro en la cafetera. En este contexto, ¿se utiliza más el café negro que el té verde?",
F3T,Spanish,"Aquí tienes el contexto: Aunque el agua sea más saludable que los refrescos, mucha gente prefiere los refrescos. Hay agua en el ordenador. En este contexto, ¿los refrescos tienen más demanda que el agua?",
F3F,Spanish,"Aquí tienes el contexto: Aunque el agua sea más saludable que los refrescos, mucha gente prefiere los refrescos. Hay agua en el ordenador. En este contexto, ¿el agua tiene más demanda que los refrescos?",
F4T,Spanish,"Aquí tienes el contexto: Aunque el brócoli sea más difícil de cocinar que los ñoquis, la gente lo come más. Hay brócoli en el horno. En este contexto, ¿el brócoli es más popular que los ñoquis?",
F4F,Spanish,"Aquí tienes el contexto: Aunque el brócoli sea más difícil de cocinar que los ñoquis, la gente lo come más. Hay brócoli en el horno. En este contexto, ¿los ñoquis son más populare que el brócoli?",
F5T,Spanish,"Aquí tienes el contexto: Aunque el sushi sea más sano que las hamburguesas, la gente come hamburguesas con más frecuencia. Hay sushi en la mesa. En este contexto, ¿las hamburguesas son más populares que el sushi?",
F5F,Spanish,"Aquí tienes el contexto: Aunque el sushi sea más sano que las hamburguesas, la gente come hamburguesas con más frecuencia. Hay sushi en la mesa. En este contexto, ¿el sushi es más popular que las hamburguesas?",
F6T,Spanish,"Aquí tienes el contexto: Aunque los plátanos sean más caros que los kiwis, la gente los compra más. Hay plátanos en la cesta. En este contexto, ¿los plátanos son más populares que los kiwis?",
F6F,Spanish,"Aquí tienes el contexto: Aunque los plátanos sean más caros que los kiwis, la gente los compra más. Hay plátanos en la cesta. En este contexto, ¿los kiwis son más populares que los platanos?",
F7T,Spanish,"Aquí tienes el contexto: Aunque los perros sean más vivaces que los gatos, la gente los prefiere. Hay un gato en lo alto del árbol. En este contexto, ¿los perros son más populares que los gatos?",
F7F,Spanish,"Aquí tienes el contexto: Aunque los perros sean más vivaces que los gatos, la gente los prefiere. Hay un gato en lo alto del árbol. En este contexto, ¿los gatos son más populares que los perros?",
F8T,Spanish,"Aquí tienes el contexto: Aunque leer libros sea más educativo que ver la televisión, mucha gente ve la televisión. Hay un libro en la estantería. En este contexto, ¿más personas ven la televisión de las que leen libros? ",
F8F,Spanish,"Aquí tienes el contexto: Aunque leer libros sea más educativo que ver la televisión, mucha gente ve la televisión. Hay un libro en la estantería. En este contexto, ¿más personas ven la televisión de las que leen libros? ",
F9T,Spanish,"Aquí tienes el contexto: Aunque correr sea mejor para la forma física que caminar, la mayoría de la gente prefiere caminar. Hay un corredor en la pista. En este contexto, ¿caminar es más popular que correr? ",
F9F,Spanish,"Aquí tienes el contexto: Aunque correr sea mejor para la forma física que caminar, la mayoría de la gente prefiere caminar. Hay un corredor en la pista. En este contexto, ¿correr es más popular que caminar? ",
S1T,Spanish,"Aquí tienes el contexto: El loro está en la jaula. Además, el perro está en la caseta. María había dicho: «Si el loro está en la jaula, Tomás traerá pizza». Según lo que decía María, ¿es verdad que Tomás trajo pizza?",
S1F,Spanish,"Aquí tienes el contexto: El loro está en la jaula. Además, el perro está en la caseta. Tomás no trajo pizza. María había dicho: «Si el loro está en la jaula, Tomás traerá pizza». Según lo que decía María, ¿es verdad que Tomás trajo pizza?",
S1C,Spanish,"Aquí tienes el contexto: El loro no está en la jaula. Además, el perro tampoco está en la caseta. María había dicho: «Si el loro está en la jaula, Tomás traerá pizza». Según lo que decía María, ¿es verdad que Tomás trajo pizza?",
S2T,Spanish,"Aquí tienes el contexto: Te has comido el brócoli. También te has comido la pasta. María dice: ""Si te comes el brócoli, Marcos te dará un caramelo"". Según lo que decía María, ¿es verdad que Marcos te dio un caramelo?",
S2F,Spanish,"Aquí tienes el contexto: Te has comido el brócoli. También te has comido la pasta. Marcos no te dio un caramelo. María dice: ""Si te comes el brócoli, Marcos te dará un caramelo"". Según lo que decía María, ¿es verdad que Marcos te dio un caramelo?",
S2C,Spanish,"Aquí tienes el contexto: No te has comido el brócoli. Tampoco te has comido la pasta. María había dicho:  ""Si te comes el brócoli, Marcos te dará un caramelo"". Según lo que decía María, ¿es verdad que Marcos te dio un caramelo?",
S3T,Spanish,"Aquí tienes el contexto: Los zorros están bailando. Además, las ardillas están comiendo. María había dicho: ""Si los zorros están bailando, Irene recibirá una cámara"". Según lo que decía María, ¿es verdad que Susana recibió una cámara?",
S3F,Spanish,"Aquí tienes el contexto: Los zorros están bailando. Además, las ardillas están comiendo. Irene no recibió una cámara. María había dicho: ""Si los zorros están bailando, Susana recibirá una cámara"". Según lo que decía María, ¿es verdad que Irene recibió una cámara?",
S3C,Spanish,"Aquí tienes el contexto: Los zorros no están bailando. Las ardillas tampoco están comiendo. María había dicho: ""Si los zorros están bailando, Irene recibirá una cámara"". Según lo que decía María, ¿es verdad que Susana recibió una cámara?",
S4T,Spanish,"Aquí tienes el contexto: La televisión está encendida. Además, la radio también está encendida. María había dicho: ""Si la televisión está encendida, Mateo hará galletas"". Según lo que decía María, ¿es verdad que Mateo hizo galletas?",
S4F,Spanish,"Aquí tienes el contexto: La televisión está encendida. Además, la radio también está encendida. Mateo no hizo galletas. María había dicho: ""Si la televisión está encendida, Mateo hará galletas"". Según lo que decía María, ¿es verdad que Mateo hizo galletas?",
S4C,Spanish,"Aquí tienes el contexto: La televisión está apagada. La radio también está apagada. María había dicho: ""Si la televisión está encendida, Mateo hará galletas"". Según lo que decía María, ¿es verdad que Mateo hizo galletas?",
S5T,Spanish,"Aquí tienes el contexto: Hoy el tiempo está soleado. Además, no hay viento. María había dicho: ""Si el tiempo está soleado, Emma va a ir de morado"". Según lo que decía María, ¿es verdad que Emma fue de morado?",
S5F,Spanish,"Aquí tienes el contexto: Hoy el tiempo está soleado. Además, no hay viento. Emma fue de verde. María había dicho: ""Si el tiempo está soleado, Emma va a ir de morado"". Según lo que decía María, ¿es verdad que Emma fue de morado?",
S5C,Spanish,"Aquí tienes el contexto: Hoy el tiempo está lluvioso. Además, hay mucho viento. María había dicho: ""Si el tiempo está soleado, Emma va a ir de morado"". Según lo que decía María, ¿es verdad que Emma fue de morado?",
S6T,Spanish,"Aquí tienes el contexto: El parque infantil está vacío. Además, las calles están tranquilas. María había dicho: ""Si el parque infantil está vacío, Júlia se hará un selfie"". Según lo que decía María, ¿es verdad que Júlia se hizo un selfie?",
S6F,Spanish,"Aquí tienes el contexto: El parque infantil está vacío. Además, las calles están tranquilas. Júlia no se hizo ningún selfie. María había dicho: ""Si el parque infantil está vacío, Júlia se hará un selfie"". Según lo que decía María, ¿es verdad que Júlia se hizo un selfie?",
S6C,Spanish,"Aquí tienes el contexto: El parque infantil está lleno. Además, las calles están concurridas. María había dicho: ""Si el parque infantil está vacío, Júlia se hará un selfie"". Según lo que decía María, ¿es verdad que Júlia se hizo un selfie?",
S7T,Spanish,"Aquí tienes el contexto: El césped ha sido cortado. Además, las flores han sido regadas. María había dicho: ""Si Pablo corta el césped, recibirá 50 euros"". Según lo que decía María, ¿es verdad que Pablo recibió 50 euros?",
S7F,Spanish,"Aquí tienes el contexto: El césped ha sido cortado. Además, las flores han sido regadas. María había dicho: ""Si Pablo corta el césped, recibirá 50 euros"". Según lo que decía María, ¿es verdad que Pablo recibió 50 euros?",
S7C,Spanish,"Aquí tienes el contexto: El césped no ha sido cortado. Además, las flores no han sido regadas. María había dicho: ""Si Pablo corta el césped, recibirá 50 euros"". Según lo que decía María, ¿es verdad que Pablo recibió 50 euros?",
S8T,Spanish,"Aquí tienes el contexto: El perro está jugando. Además, el gato está subiendo al árbol. María había dicho: ""Si el perro está jugando, Antonio leerá un libro"". Según lo que decía María, ¿es verdad que Antonio leyó un libro?",
S8F,Spanish,"Aquí tienes el contexto: El perro está jugando. Además, el gato está subiendo al árbol. Antonio no leyó ningún libro. María había dicho: ""Si el perro está jugando, Antonio leerá un libro"". Según lo que decía María, ¿es verdad que Antonio leyó un libro?",
S8C,Spanish,"Aquí tienes el contexto: El perro no está jugando. Además, el gato está durmiendo. María había dicho: ""Si el perro está jugando, Antonio leerá un libro"". Según lo que decía María, ¿es verdad que Antonio leyó un libro?",
S9T,Spanish,"Aquí tienes el contexto: La nevera está vacía. Además, el horno está estropeado. María había dicho: ""Si la nevera está vacía, Ana traerá donuts"". Según lo que decía María, ¿es verdad que Ana trajo donuts?",
S9F,Spanish,"Aquí tienes el contexto: La nevera está vacía. Además, el horno está estropeado. Ana no trajo donuts. María había dicho: ""Si la nevera está vacía, Ana traerá donuts"". Según lo que decía María, ¿es verdad que Ana trajo donuts?",
S9C,Spanish,"Aquí tienes el contexto: La nevera está llena. Además, el horno está encendido. María había dicho: ""Si la nevera está vacía, Ana traerá donuts"". Según lo que decía María, ¿es verdad que Ana trajo donuts?",
